Sequence,Deut Time (sec),Protein State,Start,End,#D,Stddev,#Rep
LNNPFF,0.0,APO,36,41,0.0,0.0,1
LNNPFF,0.0,RIB,36,41,0.0,0.0,1
LNNPFF,30.0,APO,36,41,1.646,,1
LNNPFF,30.0,RIB,36,41,1.265,,1
LNNPFF,120.0,APO,36,41,,,0
LNNPFF,120.0,RIB,36,41,1.237,,1
LNNPFF,480.0,APO,36,41,1.527,,1
LNNPFF,480.0,RIB,36,41,1.441,,1
LNNPFF,960.0,APO,36,41,1.561,,1
LNNPFF,960.0,RIB,36,41,1.544,,1
LNNPFF,1920.0,APO,36,41,1.542,,1
LNNPFF,1920.0,RIB,36,41,1.483,,1
LNNPFF,3840.0,APO,36,41,1.584,,1
LNNPFF,3840.0,RIB,36,41,,,0
LNNPFF,7680.0,APO,36,41,1.703,,1
LNNPFF,7680.0,RIB,36,41,1.666,,1
LNNPFF,15360.0,APO,36,41,1.838,,1
LNNPFF,15360.0,RIB,36,41,1.731,,1
NPFFVSL,0.0,APO,38,44,0.0,0.0,1
NPFFVSL,0.0,RIB,38,44,0.0,0.0,1
NPFFVSL,30.0,APO,38,44,1.08,0.04525483399593908,2
NPFFVSL,30.0,RIB,38,44,0.554,0.04666904755831214,2
NPFFVSL,120.0,APO,38,44,,,0
NPFFVSL,120.0,RIB,38,44,1.0575,0.06151828996322969,2
NPFFVSL,480.0,APO,38,44,1.3265,0.04171930009000642,2
NPFFVSL,480.0,RIB,38,44,1.3565,0.18738329701443518,2
NPFFVSL,960.0,APO,38,44,1.48,0.06788225099390863,2
NPFFVSL,960.0,RIB,38,44,1.4529999999999998,0.0862670273047588,2
NPFFVSL,1920.0,APO,38,44,1.5525,0.07707463914933367,2
NPFFVSL,1920.0,RIB,38,44,1.617,0.23475945135393367,2
NPFFVSL,3840.0,APO,38,44,1.571,,1
NPFFVSL,3840.0,RIB,38,44,1.6589999999999998,0.15556349186104035,2
NPFFVSL,7680.0,APO,38,44,1.7245,0.08131727983645289,2
NPFFVSL,7680.0,RIB,38,44,1.759,0.1937472580451138,2
NPFFVSL,15360.0,APO,38,44,1.873,0.03111269837220812,2
NPFFVSL,15360.0,RIB,38,44,1.822,0.1626345596729059,2
VSLKDGAQKEADKL,0.0,APO,42,55,0.0,0.0,1
VSLKDGAQKEADKL,0.0,RIB,42,55,0.0,0.0,1
VSLKDGAQKEADKL,30.0,APO,42,55,0.8246666666666668,0.1806940323677938,3
VSLKDGAQKEADKL,30.0,RIB,42,55,0.9049999999999999,0.251561125772644,3
VSLKDGAQKEADKL,120.0,APO,42,55,,,0
VSLKDGAQKEADKL,120.0,RIB,42,55,0.9516666666666667,0.1237106839902413,3
VSLKDGAQKEADKL,480.0,APO,42,55,1.1646666666666667,0.09176782297370528,3
VSLKDGAQKEADKL,480.0,RIB,42,55,1.073,0.085246700815926,3
VSLKDGAQKEADKL,960.0,APO,42,55,1.4146666666666665,0.04701418225741384,3
VSLKDGAQKEADKL,960.0,RIB,42,55,1.3973333333333333,0.12675304072618276,3
VSLKDGAQKEADKL,1920.0,APO,42,55,1.748,0.08098765338000606,3
VSLKDGAQKEADKL,1920.0,RIB,42,55,1.7116666666666667,0.11208181535527222,3
VSLKDGAQKEADKL,3840.0,APO,42,55,2.221,0.054690035655501165,3
VSLKDGAQKEADKL,3840.0,RIB,42,55,2.177,0.13494813818648999,3
VSLKDGAQKEADKL,7680.0,APO,42,55,2.6673333333333336,0.04051337227796963,3
VSLKDGAQKEADKL,7680.0,RIB,42,55,2.6953333333333336,0.07849416114166276,3
VSLKDGAQKEADKL,15360.0,APO,42,55,3.141,0.01399999999999972,3
VSLKDGAQKEADKL,15360.0,RIB,42,55,3.0673333333333335,0.1212531786524927,3
LKDGAQKEADKLGYNL,0.0,APO,44,59,0.0,0.0,1
LKDGAQKEADKLGYNL,0.0,RIB,44,59,0.0,0.0,1
LKDGAQKEADKLGYNL,30.0,APO,44,59,2.873,,1
LKDGAQKEADKLGYNL,30.0,RIB,44,59,2.743,,1
LKDGAQKEADKLGYNL,120.0,APO,44,59,,,0
LKDGAQKEADKLGYNL,120.0,RIB,44,59,3.03,,1
LKDGAQKEADKLGYNL,480.0,APO,44,59,3.458,,1
LKDGAQKEADKLGYNL,480.0,RIB,44,59,3.298,,1
LKDGAQKEADKLGYNL,960.0,APO,44,59,3.931,,1
LKDGAQKEADKLGYNL,960.0,RIB,44,59,3.641,,1
LKDGAQKEADKLGYNL,1920.0,APO,44,59,4.044,,1
LKDGAQKEADKLGYNL,1920.0,RIB,44,59,3.931,,1
LKDGAQKEADKLGYNL,3840.0,APO,44,59,4.374,,1
LKDGAQKEADKLGYNL,3840.0,RIB,44,59,4.499,,1
LKDGAQKEADKLGYNL,7680.0,APO,44,59,5.267,,1
LKDGAQKEADKLGYNL,7680.0,RIB,44,59,4.891,,1
LKDGAQKEADKLGYNL,15360.0,APO,44,59,5.482,,1
LKDGAQKEADKLGYNL,15360.0,RIB,44,59,5.479,,1
LKDGAQKEADKLGYNLVVL,0.0,APO,44,62,0.0,0.0,1
LKDGAQKEADKLGYNLVVL,0.0,RIB,44,62,0.0,0.0,1
LKDGAQKEADKLGYNLVVL,30.0,APO,44,62,2.163,,1
LKDGAQKEADKLGYNLVVL,30.0,RIB,44,62,2.063,,1
LKDGAQKEADKLGYNLVVL,120.0,APO,44,62,,,0
LKDGAQKEADKLGYNLVVL,120.0,RIB,44,62,2.619,,1
LKDGAQKEADKLGYNLVVL,480.0,APO,44,62,2.983,,1
LKDGAQKEADKLGYNLVVL,480.0,RIB,44,62,2.749,,1
LKDGAQKEADKLGYNLVVL,960.0,APO,44,62,3.211,,1
LKDGAQKEADKLGYNLVVL,960.0,RIB,44,62,3.048,,1
LKDGAQKEADKLGYNLVVL,1920.0,APO,44,62,3.291,,1
LKDGAQKEADKLGYNLVVL,1920.0,RIB,44,62,3.14,,1
LKDGAQKEADKLGYNLVVL,3840.0,APO,44,62,3.189,,1
LKDGAQKEADKLGYNLVVL,3840.0,RIB,44,62,3.191,,1
LKDGAQKEADKLGYNLVVL,7680.0,APO,44,62,3.831,,1
LKDGAQKEADKLGYNLVVL,7680.0,RIB,44,62,3.362,,1
LKDGAQKEADKLGYNLVVL,15360.0,APO,44,62,4.607,,1
LKDGAQKEADKLGYNLVVL,15360.0,RIB,44,62,4.189,,1
KDGAQKEADKLGYN,0.0,APO,45,58,0.0,0.0,1
KDGAQKEADKLGYN,0.0,RIB,45,58,0.0,0.0,1
KDGAQKEADKLGYN,30.0,APO,45,58,2.123333333333333,0.13327540408242378,3
KDGAQKEADKLGYN,30.0,RIB,45,58,2.0046666666666666,0.005033222956846935,3
KDGAQKEADKLGYN,120.0,APO,45,58,,,0
KDGAQKEADKLGYN,120.0,RIB,45,58,2.1776666666666666,0.046057934531775924,3
KDGAQKEADKLGYN,480.0,APO,45,58,2.525,0.13210223313782374,3
KDGAQKEADKLGYN,480.0,RIB,45,58,2.426,0.1513208511739213,2
KDGAQKEADKLGYN,960.0,APO,45,58,2.973333333333333,0.15762085310431903,3
KDGAQKEADKLGYN,960.0,RIB,45,58,2.675333333333333,0.13636104037933022,3
KDGAQKEADKLGYN,1920.0,APO,45,58,3.438,0.008888194417315372,3
KDGAQKEADKLGYN,1920.0,RIB,45,58,3.1300000000000003,0.012288205727444374,3
KDGAQKEADKLGYN,3840.0,APO,45,58,3.74,0.20612374923817023,3
KDGAQKEADKLGYN,3840.0,RIB,45,58,3.5656666666666665,0.20511541466533761,3
KDGAQKEADKLGYN,7680.0,APO,45,58,4.463666666666667,0.09006849245620445,3
KDGAQKEADKLGYN,7680.0,RIB,45,58,4.353,0.15839191898578678,2
KDGAQKEADKLGYN,15360.0,APO,45,58,5.193333333333333,0.19200607629273925,3
KDGAQKEADKLGYN,15360.0,RIB,45,58,5.003666666666667,0.046057934531775535,3
DGAQKEADKLGYNL,0.0,APO,46,59,0.0,0.0,1
DGAQKEADKLGYNL,0.0,RIB,46,59,0.0,0.0,1
DGAQKEADKLGYNL,30.0,APO,46,59,2.397,,1
DGAQKEADKLGYNL,30.0,RIB,46,59,,,0
DGAQKEADKLGYNL,120.0,APO,46,59,,,0
DGAQKEADKLGYNL,120.0,RIB,46,59,3.313,,1
DGAQKEADKLGYNL,480.0,APO,46,59,3.1464999999999996,0.010606601717798144,2
DGAQKEADKLGYNL,480.0,RIB,46,59,3.2220000000000004,0.37900923471598963,2
DGAQKEADKLGYNL,960.0,APO,46,59,3.3994999999999997,0.07848885271170708,2
DGAQKEADKLGYNL,960.0,RIB,46,59,3.235,,1
DGAQKEADKLGYNL,1920.0,APO,46,59,3.8775000000000004,0.2651650429449558,2
DGAQKEADKLGYNL,1920.0,RIB,46,59,3.733,0.5473006486383878,2
DGAQKEADKLGYNL,3840.0,APO,46,59,3.506,,1
DGAQKEADKLGYNL,3840.0,RIB,46,59,4.153,,1
DGAQKEADKLGYNL,7680.0,APO,46,59,5.199,0.3917371567773475,2
DGAQKEADKLGYNL,7680.0,RIB,46,59,4.723,,1
DGAQKEADKLGYNL,15360.0,APO,46,59,5.631,,1
DGAQKEADKLGYNL,15360.0,RIB,46,59,5.046,,1
VVLDSQN,0.0,APO,60,66,0.0,0.0,1
VVLDSQN,0.0,RIB,60,66,0.0,0.0,1
VVLDSQN,30.0,APO,60,66,1.631,,1
VVLDSQN,30.0,RIB,60,66,1.594,,1
VVLDSQN,120.0,APO,60,66,2.271,,1
VVLDSQN,120.0,RIB,60,66,2.0235,0.04313351365237912,2
VVLDSQN,480.0,APO,60,66,1.6205,0.3599173516239526,2
VVLDSQN,480.0,RIB,60,66,0.9935,0.2821356056934325,2
VVLDSQN,960.0,APO,60,66,2.0,,1
VVLDSQN,960.0,RIB,60,66,1.6600000000000001,0.519016377390926,2
VVLDSQN,1920.0,APO,60,66,2.346,0.32809754647055817,2
VVLDSQN,1920.0,RIB,60,66,2.005,,1
VVLDSQN,3840.0,APO,60,66,2.228,,1
VVLDSQN,3840.0,RIB,60,66,0.913,,1
VVLDSQN,7680.0,APO,60,66,2.873,0.6165971131946698,2
VVLDSQN,7680.0,RIB,60,66,2.018,,1
VVLDSQN,15360.0,APO,60,66,2.705,,1
VVLDSQN,15360.0,RIB,60,66,,,0
DSQNNPAKELA,0.0,APO,63,73,0.0,0.0,1
DSQNNPAKELA,0.0,RIB,63,73,0.0,0.0,1
DSQNNPAKELA,30.0,APO,63,73,2.061,,1
DSQNNPAKELA,30.0,RIB,63,73,1.856,,1
DSQNNPAKELA,120.0,APO,63,73,,,0
DSQNNPAKELA,120.0,RIB,63,73,2.012,,1
DSQNNPAKELA,480.0,APO,63,73,2.326,,1
DSQNNPAKELA,480.0,RIB,63,73,1.993,,1
DSQNNPAKELA,960.0,APO,63,73,2.327,,1
DSQNNPAKELA,960.0,RIB,63,73,2.071,,1
DSQNNPAKELA,1920.0,APO,63,73,2.498,,1
DSQNNPAKELA,1920.0,RIB,63,73,2.11,,1
DSQNNPAKELA,3840.0,APO,63,73,2.806,,1
DSQNNPAKELA,3840.0,RIB,63,73,2.251,,1
DSQNNPAKELA,7680.0,APO,63,73,3.219,,1
DSQNNPAKELA,7680.0,RIB,63,73,2.647,,1
DSQNNPAKELA,15360.0,APO,63,73,3.848,,1
DSQNNPAKELA,15360.0,RIB,63,73,2.892,,1
NNPAKELA,0.0,APO,66,73,0.0,0.0,1
NNPAKELA,0.0,RIB,66,73,0.0,0.0,1
NNPAKELA,30.0,APO,66,73,2.1665,0.18596908345206192,2
NNPAKELA,30.0,RIB,66,73,,,0
NNPAKELA,120.0,APO,66,73,,,0
NNPAKELA,120.0,RIB,66,73,2.173,0.13576450198781725,2
NNPAKELA,480.0,APO,66,73,2.354,0.48648946545634464,2
NNPAKELA,480.0,RIB,66,73,2.1845,0.19445436482630035,2
NNPAKELA,960.0,APO,66,73,2.5229999999999997,0.1781909088590103,2
NNPAKELA,960.0,RIB,66,73,2.211,0.26728636328851507,2
NNPAKELA,1920.0,APO,66,73,2.3209999999999997,0.30547012947258867,2
NNPAKELA,1920.0,RIB,66,73,2.1295,0.06858935777509494,2
NNPAKELA,3840.0,APO,66,73,2.532,0.06646803743153569,2
NNPAKELA,3840.0,RIB,66,73,2.318,0.2107178207935912,2
NNPAKELA,7680.0,APO,66,73,2.7225,0.021920310216782913,2
NNPAKELA,7680.0,RIB,66,73,2.6605,0.14919953083036128,2
NNPAKELA,15360.0,APO,66,73,2.6895,0.17041273426595818,2
NNPAKELA,15360.0,RIB,66,73,2.8125,0.39103004999616076,2
KELANVQDLTVRGT,0.0,APO,70,83,0.0,0.0,1
KELANVQDLTVRGT,0.0,RIB,70,83,0.0,0.0,1
KELANVQDLTVRGT,30.0,APO,70,83,0.798,,1
KELANVQDLTVRGT,30.0,RIB,70,83,0.56,,1
KELANVQDLTVRGT,120.0,APO,70,83,0.923,,1
KELANVQDLTVRGT,120.0,RIB,70,83,0.596,,1
KELANVQDLTVRGT,480.0,APO,70,83,0.779,,1
KELANVQDLTVRGT,480.0,RIB,70,83,0.573,,1
KELANVQDLTVRGT,960.0,APO,70,83,0.778,,1
KELANVQDLTVRGT,960.0,RIB,70,83,0.638,,1
KELANVQDLTVRGT,1920.0,APO,70,83,0.82,,1
KELANVQDLTVRGT,1920.0,RIB,70,83,0.625,,1
KELANVQDLTVRGT,3840.0,APO,70,83,0.766,,1
KELANVQDLTVRGT,3840.0,RIB,70,83,0.645,,1
KELANVQDLTVRGT,7680.0,APO,70,83,0.839,,1
KELANVQDLTVRGT,7680.0,RIB,70,83,0.708,,1
KELANVQDLTVRGT,15360.0,APO,70,83,1.027,,1
KELANVQDLTVRGT,15360.0,RIB,70,83,0.83,,1
ANVQDLTVR,0.0,APO,73,81,0.0,0.0,1
ANVQDLTVR,0.0,RIB,73,81,0.0,0.0,1
ANVQDLTVR,30.0,APO,73,81,4.347,,1
ANVQDLTVR,30.0,RIB,73,81,4.521,,1
ANVQDLTVR,120.0,APO,73,81,4.159,,1
ANVQDLTVR,120.0,RIB,73,81,4.576,,1
ANVQDLTVR,480.0,APO,73,81,4.553,,1
ANVQDLTVR,480.0,RIB,73,81,4.603,,1
ANVQDLTVR,960.0,APO,73,81,4.457,,1
ANVQDLTVR,960.0,RIB,73,81,4.687,,1
ANVQDLTVR,1920.0,APO,73,81,4.594,,1
ANVQDLTVR,1920.0,RIB,73,81,4.667,,1
ANVQDLTVR,3840.0,APO,73,81,4.822,,1
ANVQDLTVR,3840.0,RIB,73,81,4.843,,1
ANVQDLTVR,7680.0,APO,73,81,5.02,,1
ANVQDLTVR,7680.0,RIB,73,81,5.108,,1
ANVQDLTVR,15360.0,APO,73,81,5.547,,1
ANVQDLTVR,15360.0,RIB,73,81,,,0
ANVQDLTVRGTKILL,0.0,APO,73,87,0.0,0.0,1
ANVQDLTVRGTKILL,0.0,RIB,73,87,0.0,0.0,1
ANVQDLTVRGTKILL,30.0,APO,73,87,6.342,,1
ANVQDLTVRGTKILL,30.0,RIB,73,87,6.588,0.3860803025278545,2
ANVQDLTVRGTKILL,120.0,APO,73,87,,,0
ANVQDLTVRGTKILL,120.0,RIB,73,87,6.5184999999999995,0.09121677477306463,2
ANVQDLTVRGTKILL,480.0,APO,73,87,6.494,,1
ANVQDLTVRGTKILL,480.0,RIB,73,87,6.571,0.07071067811865482,2
ANVQDLTVRGTKILL,960.0,APO,73,87,6.7485,0.02899137802864871,2
ANVQDLTVRGTKILL,960.0,RIB,73,87,6.5095,0.04171930009000579,2
ANVQDLTVRGTKILL,1920.0,APO,73,87,6.7355,0.01767766952966394,2
ANVQDLTVRGTKILL,1920.0,RIB,73,87,6.582,,1
ANVQDLTVRGTKILL,3840.0,APO,73,87,7.079,,1
ANVQDLTVRGTKILL,3840.0,RIB,73,87,6.748,,1
ANVQDLTVRGTKILL,7680.0,APO,73,87,7.343999999999999,0.028284271247461613,2
ANVQDLTVRGTKILL,7680.0,RIB,73,87,7.0615000000000006,0.19304015126392818,2
ANVQDLTVRGTKILL,15360.0,APO,73,87,7.7715,0.004949747468306544,2
ANVQDLTVRGTKILL,15360.0,RIB,73,87,7.340999999999999,0.0551543289325506,2
VQDLTVRGTKILL,0.0,APO,75,87,0.0,0.0,1
VQDLTVRGTKILL,0.0,RIB,75,87,0.0,0.0,1
VQDLTVRGTKILL,30.0,APO,75,87,6.059,0.2192031021678301,2
VQDLTVRGTKILL,30.0,RIB,75,87,5.751,,1
VQDLTVRGTKILL,120.0,APO,75,87,,,0
VQDLTVRGTKILL,120.0,RIB,75,87,5.861,,1
VQDLTVRGTKILL,480.0,APO,75,87,5.867,,1
VQDLTVRGTKILL,480.0,RIB,75,87,5.884,,1
VQDLTVRGTKILL,960.0,APO,75,87,5.96,,1
VQDLTVRGTKILL,960.0,RIB,75,87,5.888,,1
VQDLTVRGTKILL,1920.0,APO,75,87,5.855,,1
VQDLTVRGTKILL,1920.0,RIB,75,87,5.783,,1
VQDLTVRGTKILL,3840.0,APO,75,87,5.904,,1
VQDLTVRGTKILL,3840.0,RIB,75,87,5.897,,1
VQDLTVRGTKILL,7680.0,APO,75,87,5.96,,1
VQDLTVRGTKILL,7680.0,RIB,75,87,5.834,,1
VQDLTVRGTKILL,15360.0,APO,75,87,6.189,0.1343502884254437,2
VQDLTVRGTKILL,15360.0,RIB,75,87,5.972,,1
DLTVRGTKIL,0.0,APO,77,86,0.0,0.0,1
DLTVRGTKIL,0.0,RIB,77,86,0.0,0.0,1
DLTVRGTKIL,30.0,APO,77,86,5.035,0.004242640687119446,2
DLTVRGTKIL,30.0,RIB,77,86,4.96,0.08202438661763928,2
DLTVRGTKIL,120.0,APO,77,86,,,0
DLTVRGTKIL,120.0,RIB,77,86,4.9645,0.03181980515339459,2
DLTVRGTKIL,480.0,APO,77,86,4.978,0.029698484809834867,2
DLTVRGTKIL,480.0,RIB,77,86,4.9505,0.027577164466275145,2
DLTVRGTKIL,960.0,APO,77,86,5.0024999999999995,0.03464823227814078,2
DLTVRGTKIL,960.0,RIB,77,86,4.929,0.03111269837220812,2
DLTVRGTKIL,1920.0,APO,77,86,4.916,0.0480832611206859,2
DLTVRGTKIL,1920.0,RIB,77,86,4.8565,0.054447222151364126,2
DLTVRGTKIL,3840.0,APO,77,86,5.0,0.0424264068711932,2
DLTVRGTKIL,3840.0,RIB,77,86,4.910500000000001,0.06434671708797628,2
DLTVRGTKIL,7680.0,APO,77,86,5.000500000000001,0.0106066017177983,2
DLTVRGTKIL,7680.0,RIB,77,86,4.9544999999999995,0.09828784258492997,2
DLTVRGTKIL,15360.0,APO,77,86,5.147,0.06929646455628187,2
DLTVRGTKIL,15360.0,RIB,77,86,5.0125,0.05868986283848358,2
DLTVRGTKILL,0.0,APO,77,87,0.0,0.0,1
DLTVRGTKILL,0.0,RIB,77,87,0.0,0.0,1
DLTVRGTKILL,30.0,APO,77,87,5.103,0.35638181771801997,2
DLTVRGTKILL,30.0,RIB,77,87,4.807,,1
DLTVRGTKILL,120.0,APO,77,87,5.223,,1
DLTVRGTKILL,120.0,RIB,77,87,4.865,0.173948268171891,2
DLTVRGTKILL,480.0,APO,77,87,4.786,0.08768124086713135,2
DLTVRGTKILL,480.0,RIB,77,87,4.827999999999999,0.14424978336205518,2
DLTVRGTKILL,960.0,APO,77,87,4.801,0.055154328932551226,2
DLTVRGTKILL,960.0,RIB,77,87,4.7675,0.1265721138323922,2
DLTVRGTKILL,1920.0,APO,77,87,4.7445,0.0813172798364528,2
DLTVRGTKILL,1920.0,RIB,77,87,4.7829999999999995,0.23617366491630692,2
DLTVRGTKILL,3840.0,APO,77,87,4.7780000000000005,0.018384776310851038,2
DLTVRGTKILL,3840.0,RIB,77,87,4.8100000000000005,0.19374725804511436,2
DLTVRGTKILL,7680.0,APO,77,87,4.8870000000000005,0.14849242404917526,2
DLTVRGTKILL,7680.0,RIB,77,87,4.993,0.35072496346852755,2
DLTVRGTKILL,15360.0,APO,77,87,5.013999999999999,0.11172287142747446,2
DLTVRGTKILL,15360.0,RIB,77,87,5.0455000000000005,0.24819448019647847,2
DLTVRGTKILLIN,0.0,APO,77,89,0.0,0.0,1
DLTVRGTKILLIN,0.0,RIB,77,89,0.0,0.0,1
DLTVRGTKILLIN,30.0,APO,77,89,6.059,0.2192031021678301,2
DLTVRGTKILLIN,30.0,RIB,77,89,5.62,,1
DLTVRGTKILLIN,120.0,APO,77,89,,,0
DLTVRGTKILLIN,120.0,RIB,77,89,5.861,,1
DLTVRGTKILLIN,480.0,APO,77,89,5.867,,1
DLTVRGTKILLIN,480.0,RIB,77,89,5.884,,1
DLTVRGTKILLIN,960.0,APO,77,89,5.96,,1
DLTVRGTKILLIN,960.0,RIB,77,89,5.888,,1
DLTVRGTKILLIN,1920.0,APO,77,89,5.855,,1
DLTVRGTKILLIN,1920.0,RIB,77,89,5.783,,1
DLTVRGTKILLIN,3840.0,APO,77,89,5.904,,1
DLTVRGTKILLIN,3840.0,RIB,77,89,5.897,,1
DLTVRGTKILLIN,7680.0,APO,77,89,5.96,,1
DLTVRGTKILLIN,7680.0,RIB,77,89,5.834,,1
DLTVRGTKILLIN,15360.0,APO,77,89,6.189,0.1343502884254437,2
DLTVRGTKILLIN,15360.0,RIB,77,89,5.972,,1
DAVGNAVKM,0.0,APO,94,102,0.0,0.0,1
DAVGNAVKM,0.0,RIB,94,102,0.0,0.0,1
DAVGNAVKM,30.0,APO,94,102,2.491,,1
DAVGNAVKM,30.0,RIB,94,102,2.901,,1
DAVGNAVKM,120.0,APO,94,102,3.085,,1
DAVGNAVKM,120.0,RIB,94,102,3.141,,1
DAVGNAVKM,480.0,APO,94,102,3.252,,1
DAVGNAVKM,480.0,RIB,94,102,3.291,,1
DAVGNAVKM,960.0,APO,94,102,3.403,,1
DAVGNAVKM,960.0,RIB,94,102,3.284,,1
DAVGNAVKM,1920.0,APO,94,102,3.563,,1
DAVGNAVKM,1920.0,RIB,94,102,3.645,,1
DAVGNAVKM,3840.0,APO,94,102,4.363,,1
DAVGNAVKM,3840.0,RIB,94,102,4.186,,1
DAVGNAVKM,7680.0,APO,94,102,4.454,,1
DAVGNAVKM,7680.0,RIB,94,102,4.509,,1
DAVGNAVKM,15360.0,APO,94,102,4.762,,1
DAVGNAVKM,15360.0,RIB,94,102,4.558,,1
ITLDR,0.0,APO,111,115,0.0,0.0,1
ITLDR,0.0,RIB,111,115,0.0,0.0,1
ITLDR,30.0,APO,111,115,0.6715,0.12940054095713824,2
ITLDR,30.0,RIB,111,115,0.475,,1
ITLDR,120.0,APO,111,115,1.273,,1
ITLDR,120.0,RIB,111,115,0.6405000000000001,0.21708178182427018,2
ITLDR,480.0,APO,111,115,0.679,0.06646803743153548,2
ITLDR,480.0,RIB,111,115,0.5535,0.1576848122046001,2
ITLDR,960.0,APO,111,115,0.495,0.11313708498984756,2
ITLDR,960.0,RIB,111,115,0.4595,0.030405591591021512,2
ITLDR,1920.0,APO,111,115,0.527,0.03111269837220812,2
ITLDR,1920.0,RIB,111,115,0.486,0.02687005768508877,2
ITLDR,3840.0,APO,111,115,0.638,0.028284271247461926,2
ITLDR,3840.0,RIB,111,115,0.4355,0.02616295090390228,2
ITLDR,7680.0,APO,111,115,0.7185,0.0657609306503489,2
ITLDR,7680.0,RIB,111,115,0.632,0.23475945135393378,2
ITLDR,15360.0,APO,111,115,0.8205,0.09545941546018392,2
ITLDR,15360.0,RIB,111,115,0.5215000000000001,0.026162950903902322,2
IASDNVLG,0.0,APO,126,133,0.0,0.0,1
IASDNVLG,0.0,RIB,126,133,0.0,0.0,1
IASDNVLG,30.0,APO,126,133,2.642,,1
IASDNVLG,30.0,RIB,126,133,1.913,0.10889444430272825,2
IASDNVLG,120.0,APO,126,133,2.963,,1
IASDNVLG,120.0,RIB,126,133,2.5575,0.6286179284748404,2
IASDNVLG,480.0,APO,126,133,1.7645,1.40502117421767,2
IASDNVLG,480.0,RIB,126,133,1.4660000000000002,1.5570491321727777,2
IASDNVLG,960.0,APO,126,133,1.573,1.637659305228044,2
IASDNVLG,960.0,RIB,126,133,1.486,1.624931383166686,2
IASDNVLG,1920.0,APO,126,133,0.456,,1
IASDNVLG,1920.0,RIB,126,133,0.406,,1
IASDNVLG,3840.0,APO,126,133,0.385,,1
IASDNVLG,3840.0,RIB,126,133,1.679,1.7126126240338182,2
IASDNVLG,7680.0,APO,126,133,0.474,,1
IASDNVLG,7680.0,RIB,126,133,1.8575000000000002,1.9325228329828346,2
IASDNVLG,15360.0,APO,126,133,2.2664999999999997,2.5180072478052957,2
IASDNVLG,15360.0,RIB,126,133,2.06,2.182131526741686,2
GKIAGDYIAKKAGEGAKV,0.0,APO,134,151,0.0,0.0,1
GKIAGDYIAKKAGEGAKV,0.0,RIB,134,151,0.0,0.0,1
GKIAGDYIAKKAGEGAKV,30.0,APO,134,151,2.529,0.3507249634685277,2
GKIAGDYIAKKAGEGAKV,30.0,RIB,134,151,2.801,0.5106770016360634,3
GKIAGDYIAKKAGEGAKV,120.0,APO,134,151,,,0
GKIAGDYIAKKAGEGAKV,120.0,RIB,134,151,3.8185000000000002,0.18031222920257003,2
GKIAGDYIAKKAGEGAKV,480.0,APO,134,151,4.2945,0.6045762979144984,2
GKIAGDYIAKKAGEGAKV,480.0,RIB,134,151,,,0
GKIAGDYIAKKAGEGAKV,960.0,APO,134,151,4.921,,1
GKIAGDYIAKKAGEGAKV,960.0,RIB,134,151,3.338,1.5174511524263303,2
GKIAGDYIAKKAGEGAKV,1920.0,APO,134,151,5.292,,1
GKIAGDYIAKKAGEGAKV,1920.0,RIB,134,151,3.617,1.6489730137270293,2
GKIAGDYIAKKAGEGAKV,3840.0,APO,134,151,5.593,,1
GKIAGDYIAKKAGEGAKV,3840.0,RIB,134,151,4.616,0.3139554108468274,2
GKIAGDYIAKKAGEGAKV,7680.0,APO,134,151,4.69,,1
GKIAGDYIAKKAGEGAKV,7680.0,RIB,134,151,4.3915,2.1729391385862606,2
GKIAGDYIAKKAGEGAKV,15360.0,APO,134,151,6.649,,1
GKIAGDYIAKKAGEGAKV,15360.0,RIB,134,151,5.921,,1
IAGDYIAKKAGEGAKVIEL,0.0,APO,136,154,0.0,0.0,1
IAGDYIAKKAGEGAKVIEL,0.0,RIB,136,154,0.0,0.0,1
IAGDYIAKKAGEGAKVIEL,30.0,APO,136,154,,,0
IAGDYIAKKAGEGAKVIEL,30.0,RIB,136,154,5.249,,1
IAGDYIAKKAGEGAKVIEL,120.0,APO,136,154,6.622,,1
IAGDYIAKKAGEGAKVIEL,120.0,RIB,136,154,,,0
IAGDYIAKKAGEGAKVIEL,480.0,APO,136,154,,,0
IAGDYIAKKAGEGAKVIEL,480.0,RIB,136,154,,,0
IAGDYIAKKAGEGAKVIEL,960.0,APO,136,154,,,0
IAGDYIAKKAGEGAKVIEL,960.0,RIB,136,154,,,0
IAGDYIAKKAGEGAKVIEL,1920.0,APO,136,154,,,0
IAGDYIAKKAGEGAKVIEL,1920.0,RIB,136,154,,,0
IAGDYIAKKAGEGAKVIEL,3840.0,APO,136,154,,,0
IAGDYIAKKAGEGAKVIEL,3840.0,RIB,136,154,,,0
IAGDYIAKKAGEGAKVIEL,7680.0,APO,136,154,,,0
IAGDYIAKKAGEGAKVIEL,7680.0,RIB,136,154,,,0
IAGDYIAKKAGEGAKVIEL,15360.0,APO,136,154,,,0
IAGDYIAKKAGEGAKVIEL,15360.0,RIB,136,154,,,0
AGDYIAKKAGEGAKVIEL,0.0,APO,137,154,0.0,0.0,1
AGDYIAKKAGEGAKVIEL,0.0,RIB,137,154,0.0,0.0,1
AGDYIAKKAGEGAKVIEL,30.0,APO,137,154,3.047,,1
AGDYIAKKAGEGAKVIEL,30.0,RIB,137,154,,,0
AGDYIAKKAGEGAKVIEL,120.0,APO,137,154,5.603,,1
AGDYIAKKAGEGAKVIEL,120.0,RIB,137,154,,,0
AGDYIAKKAGEGAKVIEL,480.0,APO,137,154,5.2405,1.2480434687942568,2
AGDYIAKKAGEGAKVIEL,480.0,RIB,137,154,,,0
AGDYIAKKAGEGAKVIEL,960.0,APO,137,154,,,0
AGDYIAKKAGEGAKVIEL,960.0,RIB,137,154,,,0
AGDYIAKKAGEGAKVIEL,1920.0,APO,137,154,5.145,,1
AGDYIAKKAGEGAKVIEL,1920.0,RIB,137,154,,,0
AGDYIAKKAGEGAKVIEL,3840.0,APO,137,154,6.188000000000001,1.0479322497184633,2
AGDYIAKKAGEGAKVIEL,3840.0,RIB,137,154,5.201,,1
AGDYIAKKAGEGAKVIEL,7680.0,APO,137,154,5.893,,1
AGDYIAKKAGEGAKVIEL,7680.0,RIB,137,154,6.5440000000000005,1.1752114703320415,2
AGDYIAKKAGEGAKVIEL,15360.0,APO,137,154,6.51,,1
AGDYIAKKAGEGAKVIEL,15360.0,RIB,137,154,,,0
DYIAKKAGEGAKVIELQ,0.0,APO,139,155,0.0,0.0,1
DYIAKKAGEGAKVIELQ,0.0,RIB,139,155,0.0,0.0,1
DYIAKKAGEGAKVIELQ,30.0,APO,139,155,3.019,,1
DYIAKKAGEGAKVIELQ,30.0,RIB,139,155,,,0
DYIAKKAGEGAKVIELQ,120.0,APO,139,155,5.6,,1
DYIAKKAGEGAKVIELQ,120.0,RIB,139,155,,,0
DYIAKKAGEGAKVIELQ,480.0,APO,139,155,5.2705,1.2056170619230635,2
DYIAKKAGEGAKVIELQ,480.0,RIB,139,155,,,0
DYIAKKAGEGAKVIELQ,960.0,APO,139,155,,,0
DYIAKKAGEGAKVIELQ,960.0,RIB,139,155,,,0
DYIAKKAGEGAKVIELQ,1920.0,APO,139,155,5.122,,1
DYIAKKAGEGAKVIELQ,1920.0,RIB,139,155,,,0
DYIAKKAGEGAKVIELQ,3840.0,APO,139,155,6.1935,1.0571246378738883,2
DYIAKKAGEGAKVIELQ,3840.0,RIB,139,155,5.059,,1
DYIAKKAGEGAKVIELQ,7680.0,APO,139,155,5.885,,1
DYIAKKAGEGAKVIELQ,7680.0,RIB,139,155,7.375,,1
DYIAKKAGEGAKVIELQ,15360.0,APO,139,155,6.372,,1
DYIAKKAGEGAKVIELQ,15360.0,RIB,139,155,,,0
QGIAGTSAARER,0.0,APO,155,166,0.0,0.0,1
QGIAGTSAARER,0.0,RIB,155,166,0.0,0.0,1
QGIAGTSAARER,30.0,APO,155,166,,,0
QGIAGTSAARER,30.0,RIB,155,166,,,0
QGIAGTSAARER,120.0,APO,155,166,,,0
QGIAGTSAARER,120.0,RIB,155,166,,,0
QGIAGTSAARER,480.0,APO,155,166,0.407,,1
QGIAGTSAARER,480.0,RIB,155,166,,,0
QGIAGTSAARER,960.0,APO,155,166,0.435,,1
QGIAGTSAARER,960.0,RIB,155,166,,,0
QGIAGTSAARER,1920.0,APO,155,166,0.438,,1
QGIAGTSAARER,1920.0,RIB,155,166,,,0
QGIAGTSAARER,3840.0,APO,155,166,0.384,,1
QGIAGTSAARER,3840.0,RIB,155,166,,,0
QGIAGTSAARER,7680.0,APO,155,166,5.335,4.25782139127512,3
QGIAGTSAARER,7680.0,RIB,155,166,,,0
QGIAGTSAARER,15360.0,APO,155,166,0.501,,1
QGIAGTSAARER,15360.0,RIB,155,166,5.112,,1
GIAGTSAARERGEGFQQA,0.0,APO,156,173,0.0,0.0,1
GIAGTSAARERGEGFQQA,0.0,RIB,156,173,0.0,0.0,1
GIAGTSAARERGEGFQQA,30.0,APO,156,173,4.242,,1
GIAGTSAARERGEGFQQA,30.0,RIB,156,173,4.792,,1
GIAGTSAARERGEGFQQA,120.0,APO,156,173,,,0
GIAGTSAARERGEGFQQA,120.0,RIB,156,173,4.296,,1
GIAGTSAARERGEGFQQA,480.0,APO,156,173,4.889,,1
GIAGTSAARERGEGFQQA,480.0,RIB,156,173,4.523,,1
GIAGTSAARERGEGFQQA,960.0,APO,156,173,7.212,,1
GIAGTSAARERGEGFQQA,960.0,RIB,156,173,4.695,,1
GIAGTSAARERGEGFQQA,1920.0,APO,156,173,7.733,,1
GIAGTSAARERGEGFQQA,1920.0,RIB,156,173,4.668,,1
GIAGTSAARERGEGFQQA,3840.0,APO,156,173,6.445,,1
GIAGTSAARERGEGFQQA,3840.0,RIB,156,173,6.744,,1
GIAGTSAARERGEGFQQA,7680.0,APO,156,173,6.777,,1
GIAGTSAARERGEGFQQA,7680.0,RIB,156,173,7.321,,1
GIAGTSAARERGEGFQQA,15360.0,APO,156,173,7.914,,1
GIAGTSAARERGEGFQQA,15360.0,RIB,156,173,6.511,,1
IAGTSAARERGEG,0.0,APO,157,169,0.0,0.0,1
IAGTSAARERGEG,0.0,RIB,157,169,0.0,0.0,1
IAGTSAARERGEG,30.0,APO,157,169,2.274,,1
IAGTSAARERGEG,30.0,RIB,157,169,1.775,,1
IAGTSAARERGEG,120.0,APO,157,169,,,0
IAGTSAARERGEG,120.0,RIB,157,169,2.322,,1
IAGTSAARERGEG,480.0,APO,157,169,,,0
IAGTSAARERGEG,480.0,RIB,157,169,,,0
IAGTSAARERGEG,960.0,APO,157,169,,,0
IAGTSAARERGEG,960.0,RIB,157,169,,,0
IAGTSAARERGEG,1920.0,APO,157,169,,,0
IAGTSAARERGEG,1920.0,RIB,157,169,2.841,,1
IAGTSAARERGEG,3840.0,APO,157,169,,,0
IAGTSAARERGEG,3840.0,RIB,157,169,,,0
IAGTSAARERGEG,7680.0,APO,157,169,,,0
IAGTSAARERGEG,7680.0,RIB,157,169,,,0
IAGTSAARERGEG,15360.0,APO,157,169,,,0
IAGTSAARERGEG,15360.0,RIB,157,169,,,0
EGFQQAVAAH,0.0,RIB,168,177,0.0,0.0,1
EGFQQAVAAH,30.0,RIB,168,177,0.507,,1
EGFQQAVAAH,120.0,RIB,168,177,1.064,,1
EGFQQAVAAH,480.0,RIB,168,177,1.243,,1
EGFQQAVAAH,960.0,RIB,168,177,1.469,,1
EGFQQAVAAH,1920.0,RIB,168,177,1.731,,1
EGFQQAVAAH,3840.0,RIB,168,177,2.828,,1
EGFQQAVAAH,7680.0,RIB,168,177,2.403,,1
EGFQQAVAAH,15360.0,RIB,168,177,2.734,,1
KGLNVMQNLLT,0.0,APO,193,203,0.0,0.0,1
KGLNVMQNLLT,0.0,RIB,193,203,0.0,0.0,1
KGLNVMQNLLT,30.0,APO,193,203,,,0
KGLNVMQNLLT,30.0,RIB,193,203,,,0
KGLNVMQNLLT,120.0,APO,193,203,,,0
KGLNVMQNLLT,120.0,RIB,193,203,,,0
KGLNVMQNLLT,480.0,APO,193,203,6.534,,1
KGLNVMQNLLT,480.0,RIB,193,203,6.349,,1
KGLNVMQNLLT,960.0,APO,193,203,6.698,,1
KGLNVMQNLLT,960.0,RIB,193,203,6.265,,1
KGLNVMQNLLT,1920.0,APO,193,203,6.753,,1
KGLNVMQNLLT,1920.0,RIB,193,203,,,0
KGLNVMQNLLT,3840.0,APO,193,203,6.915,,1
KGLNVMQNLLT,3840.0,RIB,193,203,,,0
KGLNVMQNLLT,7680.0,APO,193,203,6.767,,1
KGLNVMQNLLT,7680.0,RIB,193,203,,,0
KGLNVMQNLLT,15360.0,APO,193,203,6.984,,1
KGLNVMQNLLT,15360.0,RIB,193,203,7.283,,1
GLNVMQNLLTAHPDVQ,0.0,APO,194,209,0.0,0.0,1
GLNVMQNLLTAHPDVQ,0.0,RIB,194,209,0.0,0.0,1
GLNVMQNLLTAHPDVQ,30.0,APO,194,209,,,0
GLNVMQNLLTAHPDVQ,30.0,RIB,194,209,,,0
GLNVMQNLLTAHPDVQ,120.0,APO,194,209,,,0
GLNVMQNLLTAHPDVQ,120.0,RIB,194,209,4.115,,1
GLNVMQNLLTAHPDVQ,480.0,APO,194,209,5.057,,1
GLNVMQNLLTAHPDVQ,480.0,RIB,194,209,4.47,,1
GLNVMQNLLTAHPDVQ,960.0,APO,194,209,5.886,,1
GLNVMQNLLTAHPDVQ,960.0,RIB,194,209,,,0
GLNVMQNLLTAHPDVQ,1920.0,APO,194,209,6.59,,1
GLNVMQNLLTAHPDVQ,1920.0,RIB,194,209,5.394,,1
GLNVMQNLLTAHPDVQ,3840.0,APO,194,209,7.22,,1
GLNVMQNLLTAHPDVQ,3840.0,RIB,194,209,,,0
GLNVMQNLLTAHPDVQ,7680.0,APO,194,209,7.978,,1
GLNVMQNLLTAHPDVQ,7680.0,RIB,194,209,,,0
GLNVMQNLLTAHPDVQ,15360.0,APO,194,209,8.31,,1
GLNVMQNLLTAHPDVQ,15360.0,RIB,194,209,,,0
NVMQNLLTAH,0.0,APO,196,205,0.0,0.0,1
NVMQNLLTAH,0.0,RIB,196,205,0.0,0.0,1
NVMQNLLTAH,30.0,APO,196,205,3.337,,1
NVMQNLLTAH,30.0,RIB,196,205,,,0
NVMQNLLTAH,120.0,APO,196,205,,,0
NVMQNLLTAH,120.0,RIB,196,205,,,0
NVMQNLLTAH,480.0,APO,196,205,4.039,,1
NVMQNLLTAH,480.0,RIB,196,205,,,0
NVMQNLLTAH,960.0,APO,196,205,4.692,,1
NVMQNLLTAH,960.0,RIB,196,205,,,0
NVMQNLLTAH,1920.0,APO,196,205,5.062,,1
NVMQNLLTAH,1920.0,RIB,196,205,,,0
NVMQNLLTAH,3840.0,APO,196,205,5.771,,1
NVMQNLLTAH,3840.0,RIB,196,205,,,0
NVMQNLLTAH,7680.0,APO,196,205,6.375,,1
NVMQNLLTAH,7680.0,RIB,196,205,,,0
NVMQNLLTAH,15360.0,APO,196,205,,,0
NVMQNLLTAH,15360.0,RIB,196,205,,,0
QNLLTAHPDVQ,0.0,APO,199,209,0.0,0.0,1
QNLLTAHPDVQ,0.0,RIB,199,209,0.0,0.0,1
QNLLTAHPDVQ,30.0,APO,199,209,2.7625,0.5480077554195741,2
QNLLTAHPDVQ,30.0,RIB,199,209,3.321,,1
QNLLTAHPDVQ,120.0,APO,199,209,3.733,,1
QNLLTAHPDVQ,120.0,RIB,199,209,3.966,,1
QNLLTAHPDVQ,480.0,APO,199,209,3.788,,1
QNLLTAHPDVQ,480.0,RIB,199,209,,,0
QNLLTAHPDVQ,960.0,APO,199,209,4.09,,1
QNLLTAHPDVQ,960.0,RIB,199,209,,,0
QNLLTAHPDVQ,1920.0,APO,199,209,4.464,,1
QNLLTAHPDVQ,1920.0,RIB,199,209,,,0
QNLLTAHPDVQ,3840.0,APO,199,209,4.977,,1
QNLLTAHPDVQ,3840.0,RIB,199,209,,,0
QNLLTAHPDVQ,7680.0,APO,199,209,5.268,,1
QNLLTAHPDVQ,7680.0,RIB,199,209,,,0
QNLLTAHPDVQ,15360.0,APO,199,209,5.662,,1
QNLLTAHPDVQ,15360.0,RIB,199,209,,,0
NLLTA,0.0,APO,200,204,0.0,0.0,1
NLLTA,0.0,RIB,200,204,0.0,0.0,1
NLLTA,30.0,APO,200,204,1.479,,1
NLLTA,30.0,RIB,200,204,1.75,,1
NLLTA,120.0,APO,200,204,,,0
NLLTA,120.0,RIB,200,204,1.497,,1
NLLTA,480.0,APO,200,204,1.5434999999999999,0.12940054095713815,2
NLLTA,480.0,RIB,200,204,1.597,,1
NLLTA,960.0,APO,200,204,2.0255,0.35850313806157946,2
NLLTA,960.0,RIB,200,204,1.755,,1
NLLTA,1920.0,APO,200,204,1.7085,0.1053589103967956,2
NLLTA,1920.0,RIB,200,204,1.934,,1
NLLTA,3840.0,APO,200,204,1.956,0.15132085117392138,2
NLLTA,3840.0,RIB,200,204,2.106,,1
NLLTA,7680.0,APO,200,204,2.016,0.0028284271247460357,2
NLLTA,7680.0,RIB,200,204,2.172,,1
NLLTA,15360.0,APO,200,204,2.021,,1
NLLTA,15360.0,RIB,200,204,2.177,,1
NLLTAH,0.0,APO,200,205,0.0,0.0,1
NLLTAH,0.0,RIB,200,205,0.0,0.0,1
NLLTAH,30.0,APO,200,205,1.949,,1
NLLTAH,30.0,RIB,200,205,2.04,,1
NLLTAH,120.0,APO,200,205,,,0
NLLTAH,120.0,RIB,200,205,1.972,,1
NLLTAH,480.0,APO,200,205,1.972,,1
NLLTAH,480.0,RIB,200,205,2.01,,1
NLLTAH,960.0,APO,200,205,,,0
NLLTAH,960.0,RIB,200,205,2.164,,1
NLLTAH,1920.0,APO,200,205,2.227,,1
NLLTAH,1920.0,RIB,200,205,2.1375,0.08414570696119915,2
NLLTAH,3840.0,APO,200,205,2.272,,1
NLLTAH,3840.0,RIB,200,205,2.362,,1
NLLTAH,7680.0,APO,200,205,2.508,0.004242640687119446,2
NLLTAH,7680.0,RIB,200,205,2.593,0.14142135623730964,2
NLLTAH,15360.0,APO,200,205,,,0
NLLTAH,15360.0,RIB,200,205,2.71,,1
TAHPDVQAV,0.0,APO,203,211,0.0,0.0,1
TAHPDVQAV,0.0,RIB,203,211,0.0,0.0,1
TAHPDVQAV,30.0,APO,203,211,,,0
TAHPDVQAV,30.0,RIB,203,211,,,0
TAHPDVQAV,120.0,APO,203,211,,,0
TAHPDVQAV,120.0,RIB,203,211,,,0
TAHPDVQAV,480.0,APO,203,211,,,0
TAHPDVQAV,480.0,RIB,203,211,,,0
TAHPDVQAV,960.0,APO,203,211,,,0
TAHPDVQAV,960.0,RIB,203,211,,,0
TAHPDVQAV,1920.0,APO,203,211,0.898,,1
TAHPDVQAV,1920.0,RIB,203,211,3.688,,1
TAHPDVQAV,3840.0,APO,203,211,,,0
TAHPDVQAV,3840.0,RIB,203,211,3.626,,1
TAHPDVQAV,7680.0,APO,203,211,3.807,,1
TAHPDVQAV,7680.0,RIB,203,211,3.721,,1
TAHPDVQAV,15360.0,APO,203,211,3.916,,1
TAHPDVQAV,15360.0,RIB,203,211,3.692,,1
DEMALGALRAL,0.0,APO,216,226,0.0,0.0,1
DEMALGALRAL,0.0,RIB,216,226,0.0,0.0,1
DEMALGALRAL,30.0,APO,216,226,1.454,,1
DEMALGALRAL,30.0,RIB,216,226,1.164,,1
DEMALGALRAL,120.0,APO,216,226,,,0
DEMALGALRAL,120.0,RIB,216,226,1.474,,1
DEMALGALRAL,480.0,APO,216,226,1.8703333333333336,0.567632216609781,3
DEMALGALRAL,480.0,RIB,216,226,1.511,,1
DEMALGALRAL,960.0,APO,216,226,1.7963333333333333,0.5016067516823646,3
DEMALGALRAL,960.0,RIB,216,226,1.351,,1
DEMALGALRAL,1920.0,APO,216,226,1.5923333333333334,0.35235256964201817,3
DEMALGALRAL,1920.0,RIB,216,226,1.305,,1
DEMALGALRAL,3840.0,APO,216,226,1.9076666666666666,0.43370650598455784,3
DEMALGALRAL,3840.0,RIB,216,226,1.423,,1
DEMALGALRAL,7680.0,APO,216,226,2.162333333333333,0.6187651681642506,3
DEMALGALRAL,7680.0,RIB,216,226,1.398,,1
DEMALGALRAL,15360.0,APO,216,226,2.340666666666667,0.5340021847645694,3
DEMALGALRAL,15360.0,RIB,216,226,1.468,,1
GALRALQTA,0.0,APO,221,229,0.0,0.0,1
GALRALQTA,0.0,RIB,221,229,0.0,0.0,1
GALRALQTA,30.0,APO,221,229,3.251,,1
GALRALQTA,30.0,RIB,221,229,2.627,,1
GALRALQTA,120.0,APO,221,229,4.005,,1
GALRALQTA,120.0,RIB,221,229,4.021,,1
GALRALQTA,480.0,APO,221,229,4.668,,1
GALRALQTA,480.0,RIB,221,229,5.184,,1
GALRALQTA,960.0,APO,221,229,5.197,,1
GALRALQTA,960.0,RIB,221,229,5.15,,1
GALRALQTA,1920.0,APO,221,229,5.278,,1
GALRALQTA,1920.0,RIB,221,229,4.952,,1
GALRALQTA,3840.0,APO,221,229,5.339,,1
GALRALQTA,3840.0,RIB,221,229,5.289,,1
GALRALQTA,7680.0,APO,221,229,5.061,,1
GALRALQTA,7680.0,RIB,221,229,5.044,,1
GALRALQTA,15360.0,APO,221,229,5.463,,1
GALRALQTA,15360.0,RIB,221,229,5.13,,1
ALRAL,0.0,APO,222,226,0.0,0.0,1
ALRAL,0.0,RIB,222,226,0.0,0.0,1
ALRAL,30.0,APO,222,226,0.249,,1
ALRAL,30.0,RIB,222,226,0.289,,1
ALRAL,120.0,APO,222,226,,,0
ALRAL,120.0,RIB,222,226,0.8875,0.1350573952066305,2
ALRAL,480.0,APO,222,226,1.0,0.18526197667087546,2
ALRAL,480.0,RIB,222,226,1.0615,0.05444722215136436,2
ALRAL,960.0,APO,222,226,1.111,0.14000714267493639,2
ALRAL,960.0,RIB,222,226,1.062,0.12020815280171315,2
ALRAL,1920.0,APO,222,226,1.1505,0.10960155108391496,2
ALRAL,1920.0,RIB,222,226,1.053,0.05515432893255068,2
ALRAL,3840.0,APO,222,226,1.1905000000000001,0.17606958851545035,2
ALRAL,3840.0,RIB,222,226,1.061,0.07636753236814721,2
ALRAL,7680.0,APO,222,226,1.1995,0.18738329701443518,2
ALRAL,7680.0,RIB,222,226,1.034,0.19091883092036785,2
ALRAL,15360.0,APO,222,226,1.2229999999999999,0.2121320343559642,2
ALRAL,15360.0,RIB,222,226,1.0775000000000001,0.18596908345206217,2
ALRALQTAG,0.0,APO,222,230,0.0,0.0,1
ALRALQTAG,0.0,RIB,222,230,0.0,0.0,1
ALRALQTAG,30.0,APO,222,230,,,0
ALRALQTAG,30.0,RIB,222,230,2.627,,1
ALRALQTAG,120.0,APO,222,230,4.005,,1
ALRALQTAG,120.0,RIB,222,230,4.021,,1
ALRALQTAG,480.0,APO,222,230,4.668,,1
ALRALQTAG,480.0,RIB,222,230,5.184,,1
ALRALQTAG,960.0,APO,222,230,5.197,,1
ALRALQTAG,960.0,RIB,222,230,5.15,,1
ALRALQTAG,1920.0,APO,222,230,5.278,,1
ALRALQTAG,1920.0,RIB,222,230,5.052,,1
ALRALQTAG,3840.0,APO,222,230,5.339,,1
ALRALQTAG,3840.0,RIB,222,230,4.716,,1
ALRALQTAG,7680.0,APO,222,230,5.061,,1
ALRALQTAG,7680.0,RIB,222,230,5.044,,1
ALRALQTAG,15360.0,APO,222,230,5.463,,1
ALRALQTAG,15360.0,RIB,222,230,5.13,,1
ALRALQTAGKSDVM,0.0,APO,222,235,0.0,0.0,1
ALRALQTAGKSDVM,0.0,RIB,222,235,0.0,0.0,1
ALRALQTAGKSDVM,30.0,APO,222,235,5.503,,1
ALRALQTAGKSDVM,30.0,RIB,222,235,5.358,,1
ALRALQTAGKSDVM,120.0,APO,222,235,,,0
ALRALQTAGKSDVM,120.0,RIB,222,235,6.312,,1
ALRALQTAGKSDVM,480.0,APO,222,235,7.0465,0.4942676400493966,2
ALRALQTAGKSDVM,480.0,RIB,222,235,,,0
ALRALQTAGKSDVM,960.0,APO,222,235,5.1215,3.277439930799648,2
ALRALQTAGKSDVM,960.0,RIB,222,235,6.678,0.9319667376038694,2
ALRALQTAGKSDVM,1920.0,APO,222,235,4.923500000000001,3.4867435380308662,2
ALRALQTAGKSDVM,1920.0,RIB,222,235,2.135,,1
ALRALQTAGKSDVM,3840.0,APO,222,235,5.5975,2.8899454147094197,2
ALRALQTAGKSDVM,3840.0,RIB,222,235,3.078,,1
ALRALQTAGKSDVM,7680.0,APO,222,235,7.769,,1
ALRALQTAGKSDVM,7680.0,RIB,222,235,,,0
ALRALQTAGKSDVM,15360.0,APO,222,235,6.83,,1
ALRALQTAGKSDVM,15360.0,RIB,222,235,6.098,,1
RALQTAGKSDVMV,0.0,APO,224,236,0.0,0.0,1
RALQTAGKSDVMV,0.0,RIB,224,236,0.0,0.0,1
RALQTAGKSDVMV,30.0,APO,224,236,5.616,0.2842569260369919,2
RALQTAGKSDVMV,30.0,RIB,224,236,6.36,,1
RALQTAGKSDVMV,120.0,APO,224,236,,,0
RALQTAGKSDVMV,120.0,RIB,224,236,6.746,,1
RALQTAGKSDVMV,480.0,APO,224,236,6.6485,0.27223611075682064,2
RALQTAGKSDVMV,480.0,RIB,224,236,6.955,,1
RALQTAGKSDVMV,960.0,APO,224,236,6.898,0.11737972567696621,2
RALQTAGKSDVMV,960.0,RIB,224,236,7.182,,1
RALQTAGKSDVMV,1920.0,APO,224,236,6.930999999999999,0.19374725804511372,2
RALQTAGKSDVMV,1920.0,RIB,224,236,7.125,,1
RALQTAGKSDVMV,3840.0,APO,224,236,7.4335,0.6498311319104372,2
RALQTAGKSDVMV,3840.0,RIB,224,236,,,0
RALQTAGKSDVMV,7680.0,APO,224,236,7.199,,1
RALQTAGKSDVMV,7680.0,RIB,224,236,,,0
RALQTAGKSDVMV,15360.0,APO,224,236,7.679499999999999,0.608818938601617,2
RALQTAGKSDVMV,15360.0,RIB,224,236,,,0
TAGKSDVMVVGF,0.0,APO,228,239,0.0,0.0,1
TAGKSDVMVVGF,0.0,RIB,228,239,0.0,0.0,1
TAGKSDVMVVGF,30.0,APO,228,239,3.461,,1
TAGKSDVMVVGF,30.0,RIB,228,239,3.551,,1
TAGKSDVMVVGF,120.0,APO,228,239,,,0
TAGKSDVMVVGF,120.0,RIB,228,239,3.816,,1
TAGKSDVMVVGF,480.0,APO,228,239,,,0
TAGKSDVMVVGF,480.0,RIB,228,239,4.003,,1
TAGKSDVMVVGF,960.0,APO,228,239,,,0
TAGKSDVMVVGF,960.0,RIB,228,239,,,0
TAGKSDVMVVGF,1920.0,APO,228,239,,,0
TAGKSDVMVVGF,1920.0,RIB,228,239,,,0
TAGKSDVMVVGF,3840.0,APO,228,239,,,0
TAGKSDVMVVGF,3840.0,RIB,228,239,,,0
TAGKSDVMVVGF,7680.0,APO,228,239,,,0
TAGKSDVMVVGF,7680.0,RIB,228,239,,,0
TAGKSDVMVVGF,15360.0,APO,228,239,,,0
TAGKSDVMVVGF,15360.0,RIB,228,239,,,0
VVGFDGTPDGEKAVN,0.0,APO,236,250,0.0,0.0,1
VVGFDGTPDGEKAVN,0.0,RIB,236,250,0.0,0.0,1
VVGFDGTPDGEKAVN,30.0,APO,236,250,3.933,,1
VVGFDGTPDGEKAVN,30.0,RIB,236,250,2.3605,0.2821356056934325,2
VVGFDGTPDGEKAVN,120.0,APO,236,250,,,0
VVGFDGTPDGEKAVN,120.0,RIB,236,250,4.6985,0.11384419177103386,2
VVGFDGTPDGEKAVN,480.0,APO,236,250,6.627,,1
VVGFDGTPDGEKAVN,480.0,RIB,236,250,5.154,,1
VVGFDGTPDGEKAVN,960.0,APO,236,250,6.912,,1
VVGFDGTPDGEKAVN,960.0,RIB,236,250,5.654,,1
VVGFDGTPDGEKAVN,1920.0,APO,236,250,7.435,,1
VVGFDGTPDGEKAVN,1920.0,RIB,236,250,5.834,,1
VVGFDGTPDGEKAVN,3840.0,APO,236,250,7.401,,1
VVGFDGTPDGEKAVN,3840.0,RIB,236,250,6.052,,1
VVGFDGTPDGEKAVN,7680.0,APO,236,250,7.209,,1
VVGFDGTPDGEKAVN,7680.0,RIB,236,250,6.697,,1
VVGFDGTPDGEKAVN,15360.0,APO,236,250,7.2,,1
VVGFDGTPDGEKAVN,15360.0,RIB,236,250,7.001,,1
VGFDGTPDGEKAVNDGKLAAT,0.0,APO,237,257,0.0,0.0,1
VGFDGTPDGEKAVNDGKLAAT,0.0,RIB,237,257,0.0,0.0,1
VGFDGTPDGEKAVNDGKLAAT,30.0,APO,237,257,7.331,,1
VGFDGTPDGEKAVNDGKLAAT,30.0,RIB,237,257,9.9985,6.012528960429214,2
VGFDGTPDGEKAVNDGKLAAT,120.0,APO,237,257,,,0
VGFDGTPDGEKAVNDGKLAAT,120.0,RIB,237,257,8.581499999999998,0.009192388155424419,2
VGFDGTPDGEKAVNDGKLAAT,480.0,APO,237,257,10.7025,0.7191275964667184,2
VGFDGTPDGEKAVNDGKLAAT,480.0,RIB,237,257,9.2,0.6038691911333129,2
VGFDGTPDGEKAVNDGKLAAT,960.0,APO,237,257,11.3505,0.4758828637385459,2
VGFDGTPDGEKAVNDGKLAAT,960.0,RIB,237,257,10.6445,1.2720850993545991,2
VGFDGTPDGEKAVNDGKLAAT,1920.0,APO,237,257,11.2455,0.08980256121069076,2
VGFDGTPDGEKAVNDGKLAAT,1920.0,RIB,237,257,8.5565,1.5280577541441294,2
VGFDGTPDGEKAVNDGKLAAT,3840.0,APO,237,257,11.294,0.16122034611053204,2
VGFDGTPDGEKAVNDGKLAAT,3840.0,RIB,237,257,10.504999999999999,0.34506810921903547,2
VGFDGTPDGEKAVNDGKLAAT,7680.0,APO,237,257,11.4925,0.41648589411887743,2
VGFDGTPDGEKAVNDGKLAAT,7680.0,RIB,237,257,11.951,0.06929646455628281,2
VGFDGTPDGEKAVNDGKLAAT,15360.0,APO,237,257,10.498000000000001,2.296682825293906,2
VGFDGTPDGEKAVNDGKLAAT,15360.0,RIB,237,257,11.718,0.3959797974644657,2
AKGVETADKVL,0.0,APO,267,277,0.0,0.0,1
AKGVETADKVL,0.0,RIB,267,277,0.0,0.0,1
AKGVETADKVL,30.0,APO,267,277,,,0
AKGVETADKVL,30.0,RIB,267,277,,,0
AKGVETADKVL,120.0,APO,267,277,,,0
AKGVETADKVL,120.0,RIB,267,277,0.39,,1
AKGVETADKVL,480.0,APO,267,277,0.691,,1
AKGVETADKVL,480.0,RIB,267,277,0.149,,1
AKGVETADKVL,960.0,APO,267,277,,,0
AKGVETADKVL,960.0,RIB,267,277,0.556,,1
AKGVETADKVL,1920.0,APO,267,277,,,0
AKGVETADKVL,1920.0,RIB,267,277,,,0
AKGVETADKVL,3840.0,APO,267,277,,,0
AKGVETADKVL,3840.0,RIB,267,277,,,0
AKGVETADKVL,7680.0,APO,267,277,,,0
AKGVETADKVL,7680.0,RIB,267,277,,,0
AKGVETADKVL,15360.0,APO,267,277,,,0
AKGVETADKVL,15360.0,RIB,267,277,,,0
